id_detalle,id_orden,id_producto,cantidad,precio_unitario_aplicado,descuento
1,1,105,2,0.0,0.0
2,2,105,10,0.0,0.0
3,2,105,11,0.0,0.0
4,2,104,12,650.0,0.0
5,2,103,6,3000.0,0.0
6,3,105,15,0.0,0.0
7,3,104,15,650.0,0.0
8,4,104,7,650.0,0.0
9,4,102,10,700.0,0.0
10,5,102,6,700.0,0.0
11,5,101,5,150.0,0.0
12,5,102,12,700.0,0.0
13,5,101,10,150.0,0.0
14,5,104,10,650.0,0.0
15,6,103,9,3000.0,0.0
16,6,101,6,150.0,0.0
17,6,104,15,650.0,0.0
18,7,101,3,150.0,0.0
19,8,104,8,650.0,0.0
20,9,105,3,0.0,0.0
21,9,106,13,150.0,0.0
22,9,102,2,700.0,0.0
23,9,101,4,150.0,0.0
24,9,102,1,700.0,0.0
25,10,101,2,150.0,0.0
26,10,101,11,150.0,0.0
27,11,105,11,0.0,0.0
28,11,105,9,0.0,0.0
29,11,103,12,3000.0,0.0
30,11,105,10,0.0,0.0
31,12,105,8,0.0,0.0
32,12,106,12,150.0,0.0
33,12,104,4,650.0,0.0
34,12,104,6,650.0,0.0
35,13,105,14,0.0,0.0
36,13,102,9,700.0,0.0
37,13,106,7,150.0,0.0
38,13,101,13,150.0,0.0
39,14,102,2,700.0,0.0
40,14,103,6,3000.0,0.0
41,14,103,14,3000.0,0.0
42,14,101,11,150.0,0.0
43,15,103,14,3000.0,0.0
44,15,104,6,650.0,0.0
45,15,101,11,150.0,0.0
46,15,106,10,150.0,0.0
47,16,102,6,700.0,0.0
48,16,101,13,150.0,0.0
49,16,102,14,700.0,0.0
50,16,105,6,0.0,0.0
51,16,105,15,0.0,0.0
52,17,103,11,3000.0,0.0
53,17,105,11,0.0,0.0
54,17,103,1,3000.0,0.0
55,17,101,11,150.0,15.0
56,18,105,11,0.0,0.0
57,18,103,3,3000.0,0.0
58,18,106,2,150.0,0.0
59,19,102,10,700.0,0.0
60,20,102,10,700.0,0.0
61,20,105,11,0.0,0.0
62,21,101,1,150.0,0.0
63,21,105,10,0.0,0.0
64,22,106,9,150.0,0.0
65,22,105,12,0.0,0.0
66,22,103,1,3000.0,0.0
67,23,103,5,3000.0,0.0
68,24,105,12,0.0,0.0
69,24,103,5,3000.0,0.0
70,25,101,7,150.0,0.0
71,25,103,7,3000.0,0.0
72,26,106,8,150.0,0.0
73,26,106,14,150.0,0.0
74,27,105,15,0.0,0.0
75,27,106,13,150.0,0.0
76,27,101,15,150.0,0.0
77,27,104,1,650.0,0.0
78,28,105,7,0.0,0.0
79,28,103,6,3000.0,0.0
80,28,102,5,700.0,0.0
81,28,105,12,0.0,0.0
82,28,101,10,150.0,0.0
83,29,102,2,700.0,0.0
84,30,104,7,650.0,0.0
85,30,103,14,3000.0,0.0
86,30,106,1,150.0,0.0
87,30,104,5,650.0,0.0
88,30,106,2,150.0,0.0
89,31,104,6,650.0,0.0
90,31,103,3,3000.0,0.0
91,31,104,5,650.0,0.0
92,32,104,4,650.0,0.0
93,32,106,10,150.0,0.0
94,33,101,9,150.0,0.0
95,33,101,7,150.0,0.0
96,33,104,8,650.0,0.0
97,33,106,15,150.0,0.0
98,34,103,3,3000.0,0.0
99,34,101,14,150.0,0.0
100,34,104,1,650.0,65.0
101,34,103,11,3000.0,300.0
102,35,106,14,150.0,0.0
103,35,102,11,700.0,0.0
104,36,106,7,150.0,0.0
105,36,105,12,0.0,0.0
106,36,103,13,3000.0,0.0
107,37,102,3,700.0,0.0
108,37,104,8,650.0,0.0
109,37,101,12,150.0,0.0
110,37,103,13,3000.0,0.0
111,37,106,14,150.0,15.0
112,38,102,3,700.0,0.0
113,39,106,4,150.0,0.0
114,39,104,1,650.0,65.0
115,39,102,13,700.0,0.0
116,40,106,15,150.0,0.0
117,40,104,6,650.0,0.0
118,40,105,15,0.0,0.0
119,41,102,5,700.0,0.0
120,42,104,-1,650.0,0.0
121,42,104,3,650.0,0.0
122,43,103,11,3000.0,300.0
123,43,102,5,700.0,0.0
124,43,103,3,3000.0,0.0
125,43,105,12,0.0,0.0
126,44,101,10,150.0,0.0
127,44,105,5,0.0,0.0
128,45,102,5,700.0,0.0
129,45,102,4,700.0,0.0
130,45,103,8,3000.0,0.0
131,45,104,3,650.0,0.0
132,46,106,3,150.0,0.0
133,46,106,3,150.0,0.0
134,46,106,7,150.0,0.0
135,47,106,5,150.0,0.0
136,47,103,4,3000.0,0.0
137,47,105,9,0.0,0.0
138,48,102,12,700.0,0.0
139,48,101,-1,150.0,0.0
140,49,101,5,150.0,0.0
141,49,103,11,3000.0,0.0
142,49,101,7,150.0,0.0
143,49,104,13,650.0,0.0
144,50,106,4,150.0,0.0
145,50,101,2,150.0,0.0
146,50,104,12,650.0,0.0
147,50,101,8,150.0,0.0
148,50,104,3,650.0,65.0
149,51,101,6,150.0,0.0
150,51,102,3,700.0,0.0
151,51,102,2,700.0,0.0
152,52,103,15,3000.0,0.0
153,52,103,8,3000.0,0.0
154,52,105,11,0.0,0.0
155,52,101,13,150.0,0.0
156,53,106,3,150.0,0.0
157,53,103,12,3000.0,0.0
158,54,102,12,700.0,0.0
159,54,103,1,3000.0,0.0
160,54,106,11,150.0,0.0
161,54,102,15,700.0,0.0
162,54,104,13,650.0,0.0
163,55,106,8,150.0,0.0
164,55,101,7,150.0,0.0
165,55,102,8,700.0,0.0
166,55,106,14,150.0,0.0
167,56,104,9,650.0,0.0
168,57,105,2,0.0,0.0
169,57,105,15,0.0,0.0
170,57,106,11,150.0,0.0
171,57,103,3,3000.0,0.0
172,57,105,5,0.0,0.0
173,58,103,3,3000.0,0.0
174,58,103,14,3000.0,0.0
175,58,106,15,150.0,0.0
176,59,105,9,0.0,0.0
177,59,101,9,150.0,0.0
178,59,102,4,700.0,0.0
179,60,103,5,3000.0,0.0
180,60,104,14,650.0,0.0
181,60,106,2,150.0,0.0
182,61,101,8,150.0,0.0
183,62,104,14,650.0,0.0
184,62,104,8,650.0,0.0
185,62,104,11,650.0,0.0
186,63,102,5,700.0,0.0
187,63,101,15,150.0,0.0
188,63,103,1,3000.0,0.0
189,63,103,6,3000.0,0.0
190,63,105,2,0.0,0.0
191,64,101,11,150.0,15.0
192,64,103,6,3000.0,0.0
193,64,102,1,700.0,0.0
194,64,105,14,0.0,0.0
195,64,106,12,150.0,0.0
196,65,102,1,700.0,0.0
197,65,106,9,150.0,0.0
198,65,103,10,3000.0,0.0
199,66,105,12,0.0,0.0
200,66,102,6,700.0,0.0
201,67,103,2,3000.0,0.0
202,67,104,10,650.0,0.0
203,68,106,3,150.0,0.0
204,68,102,14,700.0,0.0
205,68,102,4,700.0,0.0
206,69,106,4,150.0,0.0
207,69,103,4,3000.0,0.0
208,69,104,1,650.0,0.0
209,69,106,9,150.0,0.0
210,69,102,6,700.0,0.0
211,70,103,10,3000.0,0.0
212,70,103,10,3000.0,0.0
213,70,105,9,0.0,0.0
214,70,106,1,150.0,15.0
215,70,103,15,3000.0,0.0
216,71,104,10,650.0,0.0
217,72,102,15,700.0,0.0
218,72,104,4,650.0,0.0
219,72,106,8,150.0,0.0
220,72,103,12,3000.0,0.0
221,73,102,13,700.0,0.0
222,73,106,3,150.0,0.0
223,73,105,2,0.0,0.0
224,74,101,14,150.0,0.0
225,74,106,-1,150.0,0.0
226,74,106,14,150.0,0.0
227,74,105,14,0.0,0.0
228,74,104,14,650.0,0.0
229,75,105,13,0.0,0.0
230,75,103,2,3000.0,0.0
231,75,105,6,0.0,0.0
232,75,106,1,150.0,0.0
233,75,104,6,650.0,0.0
234,76,104,9,650.0,0.0
235,77,103,12,3000.0,300.0
236,77,103,6,3000.0,0.0
237,77,105,11,0.0,0.0
238,77,106,2,150.0,0.0
239,78,101,8,150.0,0.0
240,78,101,13,150.0,0.0
241,78,103,7,3000.0,0.0
242,79,101,14,150.0,15.0
243,79,103,4,3000.0,300.0
244,80,103,2,3000.0,0.0
245,81,103,4,3000.0,0.0
246,81,102,15,700.0,0.0
247,81,105,10,0.0,0.0
248,81,101,12,150.0,0.0
249,82,105,12,0.0,0.0
250,82,103,3,3000.0,0.0
251,83,105,10,0.0,0.0
252,83,102,12,700.0,0.0
253,83,103,13,3000.0,0.0
254,84,102,1,700.0,70.0
255,84,103,5,3000.0,0.0
256,84,103,8,3000.0,0.0
257,85,106,8,150.0,0.0
258,85,103,7,3000.0,0.0
259,85,102,12,700.0,0.0
260,86,106,5,150.0,0.0
261,86,102,11,700.0,0.0
262,87,105,15,0.0,0.0
263,87,103,1,3000.0,0.0
264,87,102,5,700.0,0.0
265,88,101,5,150.0,0.0
266,88,104,9,650.0,0.0
267,89,103,12,3000.0,0.0
268,89,101,11,150.0,0.0
269,89,106,6,150.0,0.0
270,90,102,15,700.0,0.0
271,91,103,2,3000.0,0.0
272,91,101,15,150.0,0.0
273,92,104,2,650.0,0.0
274,93,102,7,700.0,0.0
275,93,101,5,150.0,0.0
276,94,106,4,150.0,0.0
277,94,106,1,150.0,0.0
278,95,105,2,0.0,0.0
279,96,104,13,650.0,0.0
280,96,102,6,700.0,0.0
281,96,105,3,0.0,0.0
282,97,103,4,3000.0,0.0
283,97,101,14,150.0,0.0
284,98,104,8,650.0,0.0
285,98,103,5,3000.0,0.0
286,99,104,4,650.0,0.0
287,99,105,15,0.0,0.0
288,99,104,10,650.0,0.0
289,99,102,9,700.0,0.0
290,100,101,15,150.0,0.0
291,100,104,9,650.0,0.0
292,101,105,2,0.0,0.0
293,101,103,15,3000.0,0.0
294,102,105,13,0.0,0.0
295,102,105,13,0.0,0.0
296,102,103,1,3000.0,0.0
297,102,101,4,150.0,0.0
298,102,102,8,700.0,0.0
299,103,101,11,150.0,0.0
300,103,102,2,700.0,0.0
301,103,101,7,150.0,0.0
302,103,106,10,150.0,0.0
303,104,101,9,150.0,0.0
304,104,106,11,150.0,0.0
305,104,106,11,150.0,0.0
306,104,104,5,650.0,0.0
307,104,101,11,150.0,0.0
308,105,105,15,0.0,0.0
309,105,101,6,150.0,0.0
310,105,101,6,150.0,15.0
311,105,102,1,700.0,0.0
312,105,104,7,650.0,0.0
313,106,106,11,150.0,0.0
314,106,105,5,0.0,0.0
315,106,103,6,3000.0,0.0
316,107,103,6,3000.0,0.0
317,108,106,12,150.0,0.0
318,108,101,7,150.0,0.0
319,108,103,15,3000.0,0.0
320,108,104,4,650.0,0.0
321,109,106,3,150.0,0.0
322,109,103,7,3000.0,0.0
323,109,105,15,0.0,0.0
324,110,102,2,700.0,0.0
325,110,101,3,150.0,0.0
326,110,106,2,150.0,0.0
327,110,102,14,700.0,0.0
328,111,105,8,0.0,0.0
329,111,104,11,650.0,0.0
330,111,101,13,150.0,0.0
331,111,105,-1,0.0,0.0
332,112,102,12,700.0,0.0
333,113,104,11,650.0,0.0
334,113,102,1,700.0,0.0
335,113,105,10,0.0,0.0
336,113,104,9,650.0,0.0
337,113,106,13,150.0,0.0
338,114,102,9,700.0,0.0
339,114,104,9,650.0,0.0
340,114,106,7,150.0,0.0
341,115,104,5,650.0,0.0
342,115,101,11,150.0,0.0
343,115,106,14,150.0,0.0
344,115,104,12,650.0,0.0
345,115,103,4,3000.0,0.0
346,116,103,6,3000.0,0.0
347,116,101,4,150.0,0.0
348,116,105,13,0.0,0.0
349,117,106,4,150.0,0.0
350,117,102,-1,700.0,0.0
351,117,104,8,650.0,0.0
352,117,104,5,650.0,65.0
353,117,101,15,150.0,15.0
354,118,104,4,650.0,0.0
355,118,103,2,3000.0,0.0
356,118,103,11,3000.0,0.0
357,118,101,5,150.0,0.0
358,119,101,10,150.0,0.0
359,119,105,11,0.0,0.0
360,120,105,13,0.0,0.0
361,121,104,12,650.0,0.0
362,121,104,13,650.0,0.0
363,121,105,14,0.0,0.0
364,122,102,7,700.0,0.0
365,122,102,7,700.0,0.0
366,122,105,6,0.0,0.0
367,122,103,8,3000.0,0.0
368,123,105,-1,0.0,0.0
369,123,104,14,650.0,0.0
370,124,105,15,0.0,0.0
371,125,102,15,700.0,0.0
372,125,106,11,150.0,0.0
373,125,104,9,650.0,65.0
374,126,106,1,150.0,0.0
375,126,102,8,700.0,70.0
376,126,102,12,700.0,0.0
377,126,104,2,650.0,65.0
378,126,101,12,150.0,0.0
379,127,104,3,650.0,0.0
380,127,104,7,650.0,0.0
381,127,106,3,150.0,0.0
382,127,103,15,3000.0,0.0
383,127,102,8,700.0,0.0
384,128,104,7,650.0,0.0
385,128,106,13,150.0,0.0
386,128,101,9,150.0,0.0
387,128,103,12,3000.0,0.0
388,129,106,3,150.0,0.0
389,129,102,2,700.0,0.0
390,129,101,9,150.0,0.0
391,129,102,2,700.0,0.0
392,129,101,2,150.0,0.0
393,130,101,10,150.0,0.0
394,130,102,7,700.0,0.0
395,131,106,2,150.0,0.0
396,131,103,2,3000.0,0.0
397,131,102,8,700.0,0.0
398,131,105,7,0.0,0.0
399,131,103,5,3000.0,0.0
400,132,101,10,150.0,0.0
401,132,104,11,650.0,0.0
402,132,104,15,650.0,0.0
403,133,103,14,3000.0,0.0
404,133,101,8,150.0,0.0
405,133,101,3,150.0,0.0
406,134,106,6,150.0,0.0
407,134,102,14,700.0,0.0
408,134,101,10,150.0,0.0
409,134,101,12,150.0,0.0
410,135,106,13,150.0,0.0
411,136,105,8,0.0,0.0
412,136,101,5,150.0,0.0
413,136,104,15,650.0,0.0
414,136,104,5,650.0,0.0
415,137,104,14,650.0,0.0
416,137,104,11,650.0,0.0
417,137,101,8,150.0,0.0
418,137,106,12,150.0,0.0
419,138,103,11,3000.0,0.0
420,138,102,1,700.0,0.0
421,139,105,8,0.0,0.0
422,140,101,12,150.0,0.0
423,140,104,14,650.0,0.0
424,141,105,5,0.0,0.0
425,141,104,5,650.0,0.0
426,142,102,11,700.0,0.0
427,142,103,9,3000.0,0.0
428,142,102,12,700.0,0.0
429,143,101,5,150.0,0.0
430,144,104,2,650.0,0.0
431,144,102,4,700.0,0.0
432,144,102,14,700.0,0.0
433,144,104,4,650.0,0.0
434,145,104,1,650.0,0.0
435,145,104,6,650.0,0.0
436,145,104,11,650.0,0.0
437,145,105,4,0.0,0.0
438,146,102,11,700.0,70.0
439,146,105,3,0.0,0.0
440,146,102,4,700.0,0.0
441,147,105,2,0.0,0.0
442,147,101,6,150.0,0.0
443,147,102,4,700.0,0.0
444,147,105,14,0.0,0.0
445,148,101,6,150.0,0.0
446,149,102,5,700.0,0.0
447,149,106,11,150.0,0.0
448,150,104,5,650.0,0.0
449,150,104,9,650.0,0.0
450,150,103,11,3000.0,0.0
451,151,105,9,0.0,0.0
452,151,101,9,150.0,0.0
453,151,106,5,150.0,15.0
454,151,104,4,650.0,0.0
455,152,101,6,150.0,0.0
456,152,104,15,650.0,0.0
457,152,103,9,3000.0,0.0
458,152,103,7,3000.0,0.0
459,153,101,6,150.0,15.0
460,153,103,2,3000.0,0.0
461,153,101,8,150.0,0.0
462,154,104,6,650.0,0.0
463,154,103,10,3000.0,0.0
464,154,104,2,650.0,0.0
465,154,102,14,700.0,0.0
466,154,102,7,700.0,0.0
467,155,106,7,150.0,0.0
468,155,105,8,0.0,0.0
469,156,101,1,150.0,0.0
470,157,104,3,650.0,0.0
471,157,102,13,700.0,0.0
472,157,102,11,700.0,0.0
473,158,104,1,650.0,0.0
474,159,105,3,0.0,0.0
475,159,105,10,0.0,0.0
476,159,104,1,650.0,0.0
477,159,102,2,700.0,0.0
478,160,104,15,650.0,0.0
479,160,105,11,0.0,0.0
480,160,102,9,700.0,0.0
481,160,105,12,0.0,0.0
482,161,106,3,150.0,0.0
483,161,103,13,3000.0,0.0
484,161,102,11,700.0,0.0
485,161,105,8,0.0,0.0
486,162,102,3,700.0,0.0
487,162,102,13,700.0,0.0
488,163,105,3,0.0,0.0
489,163,102,4,700.0,70.0
490,163,105,14,0.0,0.0
491,163,103,8,3000.0,0.0
492,164,103,3,3000.0,0.0
493,164,104,7,650.0,0.0
494,164,101,2,150.0,0.0
495,164,104,3,650.0,0.0
496,165,101,12,150.0,0.0
497,166,105,14,0.0,0.0
498,166,103,11,3000.0,0.0
499,166,101,9,150.0,0.0
500,167,105,6,0.0,0.0
501,167,104,5,650.0,0.0
502,168,102,8,700.0,0.0
503,169,103,7,3000.0,0.0
504,169,102,5,700.0,0.0
505,169,101,5,150.0,0.0
506,170,103,6,3000.0,300.0
507,170,105,15,0.0,0.0
508,170,105,8,0.0,0.0
509,170,106,12,150.0,0.0
510,171,102,15,700.0,0.0
511,172,101,15,150.0,0.0
512,172,103,9,3000.0,0.0
513,173,105,10,0.0,0.0
514,173,102,3,700.0,0.0
515,173,101,7,150.0,0.0
516,173,105,4,0.0,0.0
517,174,103,3,3000.0,0.0
518,174,103,-1,3000.0,0.0
519,175,102,13,700.0,0.0
520,175,103,9,3000.0,0.0
521,175,104,11,650.0,0.0
522,176,102,8,700.0,0.0
523,176,102,7,700.0,0.0
524,176,106,9,150.0,0.0
525,176,104,13,650.0,0.0
526,176,106,13,150.0,0.0
527,177,102,10,700.0,0.0
528,178,105,15,0.0,0.0
529,178,103,13,3000.0,0.0
530,178,105,9,0.0,0.0
531,178,103,11,3000.0,0.0
532,178,105,1,0.0,0.0
533,179,101,8,150.0,0.0
534,179,105,15,0.0,0.0
535,179,104,2,650.0,0.0
536,179,105,13,0.0,0.0
537,179,105,11,0.0,0.0
538,180,104,14,650.0,0.0
539,180,101,13,150.0,0.0
540,180,104,15,650.0,0.0
541,181,101,3,150.0,0.0
542,181,106,2,150.0,0.0
543,181,102,3,700.0,0.0
544,181,105,1,0.0,0.0
545,182,102,15,700.0,0.0
546,182,101,5,150.0,15.0
547,182,101,2,150.0,0.0
548,182,101,3,150.0,0.0
549,182,106,14,150.0,0.0
550,183,106,13,150.0,0.0
551,183,104,12,650.0,0.0
552,183,101,7,150.0,0.0
553,183,103,7,3000.0,0.0
554,183,103,3,3000.0,0.0
555,184,103,1,3000.0,0.0
556,184,106,9,150.0,0.0
557,184,106,3,150.0,0.0
558,184,104,6,650.0,65.0
559,185,103,13,3000.0,0.0
560,185,106,9,150.0,0.0
561,185,101,8,150.0,0.0
562,185,101,10,150.0,0.0
563,186,101,14,150.0,0.0
564,186,104,14,650.0,0.0
565,187,102,15,700.0,0.0
566,188,103,1,3000.0,0.0
567,188,105,13,0.0,0.0
568,188,102,14,700.0,0.0
569,188,101,6,150.0,0.0
570,189,102,12,700.0,0.0
571,189,102,9,700.0,0.0
572,190,106,1,150.0,0.0
573,190,101,3,150.0,0.0
574,190,102,5,700.0,0.0
575,191,106,2,150.0,0.0
576,191,101,6,150.0,0.0
577,191,106,14,150.0,0.0
578,192,101,7,150.0,0.0
579,192,106,3,150.0,0.0
580,192,106,10,150.0,0.0
581,193,103,10,3000.0,0.0
582,193,103,15,3000.0,0.0
583,194,102,7,700.0,0.0
584,195,105,15,0.0,0.0
585,195,103,7,3000.0,0.0
586,195,106,4,150.0,0.0
587,195,101,8,150.0,0.0
588,195,102,8,700.0,0.0
589,196,104,8,650.0,0.0
590,197,105,12,0.0,0.0
591,198,106,5,150.0,0.0
592,198,106,8,150.0,0.0
593,198,103,11,3000.0,0.0
594,198,105,11,0.0,0.0
595,199,105,7,0.0,0.0
596,199,102,6,700.0,0.0
597,199,105,4,0.0,0.0
598,200,105,10,0.0,0.0
